Sample,N,MeanPSHGIntensity,MeanPSHGIntensity_SD,ValidPixelFraction,ValidPixelFraction_SD,FiberPredPeak_deg,FiberPredPeak_deg_SD,PitchPredPeak_deg,PitchPredPeak_deg_SD,FiberTheoryPeak_deg,FiberTheoryPeak_deg_SD,PitchTheoryPeak_deg,PitchTheoryPeak_deg_SD,FiberPeakAbsError_deg,FiberPeakAbsError_deg_SD,PitchPeakAbsError_deg,PitchPeakAbsError_deg_SD,Note
Col I,10,1293.14939296567,423.526664784743,0.761190795898438,0.154920496471188,72.4392705766129,28.3682264927359,49.0955348444484,0.838941966094562,63.9051827400606,34.1391143039685,48.679320376438,0.500821080066844,8.80367090658266,5.07784593396283,0.446138626626067,0.365749071857358,Representative collagen sample; descriptive only
Col II,10,522.887162413411,87.2527680685763,0.934481811523437,0.0308746461733254,86.0761304838194,6.29361444467345,51.836747779169,0.397425998281273,64.8815099207646,34.3179673161215,52.1322393561957,0.255658020342463,29.4296469145036,31.6803898922426,0.311696257899629,0.204056851423086,Representative collagen sample; descriptive only
Regerative tissue,10,544.803675103101,224.2836547967,0.61781005859375,0.108681700016896,56.9142214722052,7.14490533759878,53.5459134824851,1.30126549266085,NaN,NaN,NaN,NaN,NaN,NaN,NaN,NaN,Heterogeneous biological sample; descriptive only
